時刻(ms),相対方位(w),相対方位(x),相対方位(y),相対方位(z),角速度(x),角速度(y),角速度(z),加速度-重力加速度(x),加速度-重力加速度(y),加速度-重力加速度(z),磁場強度,磁場強度,磁場強度,加速度,加速度,加速度,重力加速度,重力加速度,重力加速度,Sys,Gyro,Accel,Mag
"1575","0.0000","0.0000","0.0000","0.0000","0.00","0.00","0.00","0.00","0.00","0.00","0.00","0.00","0.00","0.00","0.00","0.00","0.00","0.00","0.00","0","0","0","0"
"1591","0.0000","0.0000","0.0000","0.0000","0.00","0.00","0.00","0.00","0.00","0.00","0.00","0.00","0.00","0.00","0.00","0.00","0.00","0.00","0.00","0","0","0","0"
"1605","0.0000","0.0000","0.0000","0.0000","0.00","0.00","0.00","0.00","0.00","0.00","0.00","0.00","0.00","0.00","0.00","0.00","0.00","0.00","0.00","0","0","0","0"
"1620","0.0000","0.0000","0.0000","0.0000","0.00","0.00","0.00","0.00","0.00","0.00","0.00","0.00","0.00","0.00","0.00","0.00","0.00","0.00","0.00","0","0","0","0"
"1636","0.0000","0.0000","0.0000","0.0000","0.00","0.00","0.00","0.00","0.00","0.00","0.00","0.00","0.00","0.00","0.00","0.00","0.00","0.00","0.00","0","0","0","0"
"1650","0.0000","0.0000","0.0000","0.0000","0.00","0.00","0.00","0.00","0.00","0.00","0.00","0.00","0.00","0.00","0.00","0.00","0.00","0.00","0.00","0","0","0","0"
"1666","0.0000","0.0000","0.0000","0.0000","0.00","0.00","0.00","0.00","0.00","0.00","0.00","0.00","0.00","0.00","0.00","0.00","0.00","0.00","0.00","0","0","0","0"
"1681","0.0000","0.0000","0.0000","0.0000","0.00","0.00","0.00","0.00","0.00","0.00","0.00","0.00","0.00","0.00","0.00","0.00","0.00","0.00","0.00","0","0","0","0"
"1695","0.0000","0.0000","0.0000","0.0000","0.00","0.00","0.00","0.00","0.00","0.00","0.00","0.00","0.00","0.00","0.00","0.00","0.00","0.00","0.00","0","0","0","0"
"1711","0.0000","0.0000","0.0000","0.0000","0.00","0.00","0.00","0.00","0.00","0.00","0.00","0.00","0.00","0.00","0.00","0.00","0.00","0.00","0.00","0","0","0","0"
"1726","0.0000","0.0000","0.0000","0.0000","0.00","0.00","0.00","0.00","0.00","0.00","0.00","0.00","0.00","0.00","0.00","0.00","0.00","0.00","0.00","0","0","0","0"
"1740","0.0000","0.0000","0.0000","0.0000","0.00","0.00","0.00","0.00","0.00","0.00","0.00","0.00","0.00","0.00","0.00","0.00","0.00","0.00","0.00","0","0","0","0"
"1756","0.0000","0.0000","0.0000","0.0000","0.00","0.00","0.00","0.00","0.00","0.00","0.00","0.00","0.00","0.00","0.00","0.00","0.00","0.00","0.00","0","0","0","0"
"1771","0.0000","0.0000","0.0000","0.0000","0.00","0.00","0.00","0.00","0.00","0.00","0.00","0.00","0.00","0.00","0.00","0.00","0.00","0.00","0.00","0","0","0","0"
"1785","0.0000","0.0000","0.0000","0.0000","0.00","0.00","0.00","0.00","0.00","0.00","0.00","0.00","0.00","0.00","0.00","0.00","0.00","0.00","0.00","0","0","0","0"
"1801","0.0000","0.0000","0.0000","0.0000","0.00","0.00","0.00","0.00","0.00","0.00","0.00","0.00","0.00","0.00","0.00","0.00","0.00","0.00","0.00","0","0","0","0"
"1816","0.0000","0.0000","0.0000","0.0000","0.00","0.00","0.00","0.00","0.00","0.00","0.00","0.00","0.00","0.00","0.00","0.00","0.00","0.00","0.00","0","0","0","0"
"1831","0.0000","0.0000","0.0000","0.0000","0.00","0.00","0.00","0.00","0.00","0.00","0.00","0.00","0.00","0.00","0.00","0.00","0.00","0.00","0.00","0","0","0","0"
"1846","0.0000","0.0000","0.0000","0.0000","0.00","0.00","0.00","0.00","0.00","0.00","0.00","0.00","0.00","0.00","0.00","0.00","0.00","0.00","0.00","0","0","0","0"
"1861","0.0000","0.0000","0.0000","0.0000","0.00","0.00","0.00","0.00","0.00","0.00","0.00","0.00","0.00","0.00","0.00","0.00","0.00","0.00","0.00","0","0","0","0"
"1876","0.0000","0.0000","0.0000","0.0000","0.00","0.00","0.00","0.00","0.00","0.00","0.00","0.00","0.00","0.00","0.00","0.00","0.00","0.00","0.00","0","0","0","0"
"1891","0.0000","0.0000","0.0000","0.0000","0.00","0.00","0.00","0.00","0.00","0.00","0.00","0.00","0.00","0.00","0.00","0.00","0.00","0.00","0.00","0","0","0","0"
"1906","0.0000","0.0000","0.0000","0.0000","0.00","0.00","0.00","0.00","0.00","0.00","0.00","0.00","0.00","0.00","0.00","0.00","0.00","0.00","0.00","0","0","0","0"
"1922","0.0000","0.0000","0.0000","0.0000","0.00","0.00","0.00","0.00","0.00","0.00","0.00","0.00","0.00","0.00","0.00","0.00","0.00","0.00","0.00","0","0","0","0"
"1936","0.0000","0.0000","0.0000","0.0000","0.00","0.00","0.00","0.00","0.00","0.00","0.00","0.00","0.00","0.00","0.00","0.00","0.00","0.00","0.00","0","0","0","0"
"1951","0.0000","0.0000","0.0000","0.0000","0.00","0.00","0.00","0.00","0.00","0.00","0.00","0.00","0.00","0.00","0.00","0.00","0.00","0.00","0.00","0","0","0","0"
"1967","0.0000","0.0000","0.0000","0.0000","0.00","0.00","0.00","0.00","0.00","0.00","0.00","0.00","0.00","0.00","0.00","0.00","0.00","0.00","0.00","0","0","0","0"
"1981","0.0000","0.0000","0.0000","0.0000","0.00","0.00","0.00","0.00","0.00","0.00","0.00","0.00","0.00","0.00","0.00","0.00","0.00","0.00","0.00","0","0","0","0"
"1996","0.0000","0.0000","0.0000","0.0000","0.00","0.00","0.00","0.00","0.00","0.00","0.00","0.00","0.00","0.00","0.00","0.00","0.00","0.00","0.00","0","0","0","0"
"2012","0.0000","0.0000","0.0000","0.0000","0.00","0.00","0.00","0.00","0.00","0.00","0.00","0.00","0.00","0.00","0.00","0.00","0.00","0.00","0.00","0","0","0","0"
"2026","0.0000","0.0000","0.0000","0.0000","0.00","0.00","0.00","0.00","0.00","0.00","0.00","0.00","0.00","0.00","0.00","0.00","0.00","0.00","0.00","0","0","0","0"
"2043","0.0000","0.0000","0.0000","0.0000","0.00","0.00","0.00","0.00","0.00","0.00","0.00","0.00","0.00","0.00","0.00","0.00","0.00","0.00","0.00","0","0","0","0"
"2060","0.0000","0.0000","0.0000","0.0000","0.00","0.00","0.00","0.00","0.00","0.00","0.00","0.00","0.00","0.00","0.00","0.00","0.00","0.00","0.00","3","3","0","0"
"2076","0.0000","0.0000","0.0000","0.0000","-0.06","0.00","-0.06","0.00","0.00","0.00","38.19","-23.87","-14.75","-3.67","6.17","-5.77","0.00","0.00","0.00","3","3","0","0"
"2095","0.0000","0.0000","0.0000","0.0000","0.00","-0.06","-0.06","0.00","0.00","0.00","38.19","-0.06","-0.06","-3.65","6.17","-5.75","0.00","0.00","0.00","3","3","0","0"
"2114","0.0000","0.0000","0.0000","0.0000","0.00","0.19","-0.06","0.00","0.00","0.00","38.19","-0.06","-0.06","-3.64","6.19","-5.78","-3.88","6.57","-6.15","3","3","0","0"
"2132","0.4318","0.7769","0.4583","0.0000","0.06","-0.19","0.06","0.21","-0.01","-0.01","38.19","-0.06","-0.06","-1.10","-0.01","-0.01","-3.88","6.57","-6.15","3","3","0","0"
"2151","0.4318","0.7769","0.4583","0.0000","-0.12","0.12","0.00","0.21","-0.39","0.38","38.19","-23.87","-14.75","-3.66","6.18","-5.76","-3.88","6.57","-6.15","3","3","0","0"
"2167","0.4318","-0.0001","-0.0001","-0.0001","0.00","0.06","0.00","0.23","-0.40","0.35","38.56","-24.25","-13.56","-3.64","6.17","-5.79","-3.88","6.57","-1.03","3","3","0","0"
"2185","0.4318","-0.0001","-0.0001","-0.0001","0.00","0.06","0.06","0.22","-0.01","-0.01","38.56","-24.25","-13.56","-3.65","6.17","-5.74","-3.88","6.57","-6.15","3","3","0","0"
"2203","0.4318","0.7769","0.4583","0.0000","0.06","-0.06","-0.06","0.24","-0.38","0.36","38.56","-24.25","-13.56","-1.07","-0.01","-0.01","-3.88","6.57","-0.01","3","3","0","0"
"2221","0.4318","0.7769","0.4583","0.0000","-0.06","-0.12","0.19","0.22","-0.39","0.37","38.88","-23.87","-13.19","-1.09","-0.01","-0.01","-3.88","6.57","-0.01","3","3","1","0"
"2238","0.4318","-0.0001","-0.0001","-0.0001","-0.19","0.12","0.00","0.00","-0.01","0.00","38.88","-23.87","-13.19","-3.88","6.56","-6.15","-3.88","6.57","-0.01","3","3","1","0"
"2255","0.4318","0.7769","0.4583","0.0000","0.00","-0.06","-0.06","0.01","0.00","0.02","38.19","-24.25","-12.38","-3.86","6.55","-6.10","-3.88","6.57","-6.15","3","3","1","0"
"2274","0.4318","0.7769","0.4583","0.0000","0.06","0.25","-0.06","0.02","0.00","0.04","38.19","-24.25","-12.38","-3.85","6.57","-6.15","-3.88","6.57","-6.15","3","3","1","0"
"2292","0.4318","0.7769","0.4583","0.0000","0.06","0.06","0.12","0.02","-0.01","-0.01","38.19","-24.25","-12.38","-3.85","6.55","-0.01","-3.88","6.57","-6.15","3","3","1","0"
"2312","0.4318","0.7769","0.4583","0.0000","0.19","0.12","0.06","0.00","-0.01","0.02","39.25","-24.25","-12.00","-3.87","6.55","-0.01","-3.88","6.57","-0.01","3","3","1","0"
"2329","0.4318","-0.0001","-0.0001","-0.0001","0.00","-0.25","0.06","0.03","-0.01","0.00","39.25","-24.25","-12.00","-1.28","-0.01","-0.01","-3.88","6.57","-0.01","3","3","1","0"
"2348","0.4318","-0.0001","-0.0001","-0.0001","0.06","0.00","-0.06","0.02","-0.01","0.04","39.25","-24.25","-12.00","-3.85","6.56","-6.10","-3.88","6.57","-6.15","3","3","1","0"
"2365","0.4318","-0.0001","-0.0001","-0.0001","0.12","0.06","0.06","0.00","-0.01","-0.01","38.56","-25.06","-13.19","-3.84","6.56","-6.14","-3.88","6.57","-6.15","3","3","1","0"
"2383","0.4318","0.7769","0.4583","0.0000","-0.06","-0.06","0.06","0.00","-0.01","-0.01","38.56","-25.06","-13.19","-3.87","6.55","-6.13","-3.88","6.57","-6.15","3","3","1","0"
"2402","0.4318","0.7769","0.4583","0.0000","0.06","0.00","0.00","0.02","-0.02","0.03","38.56","-25.06","-13.19","-3.85","6.54","-6.11","-3.88","6.57","-0.01","3","3","1","0"
"2418","0.4318","-0.0001","-0.0001","-0.0001","0.12","0.06","-0.06","0.00","0.00","0.02","38.19","-24.69","-13.19","-3.87","6.57","-6.12","-3.88","6.57","-0.01","3","3","1","0"
"2437","0.4318","-0.0001","-0.0001","-0.0001","0.12","0.12","0.06","0.01","-0.01","0.00","38.19","-24.69","-13.19","-3.87","6.52","-6.10","-3.88","6.57","-6.15","3","3","1","0"
"2454","0.4318","0.7769","0.4583","0.0000","-0.06","0.12","0.06","0.01","-0.03","0.01","38.19","-24.69","-13.19","-3.86","6.54","-0.01","-3.88","6.57","-6.15","3","3","1","0"
"2471","0.4318","0.7769","0.4583","0.0000","-0.19","0.00","0.06","0.01","0.00","0.03","38.88","-0.06","-0.06","-3.86","6.57","-0.01","-3.88","6.57","-0.01","3","3","1","0"
"2490","0.4318","-0.0001","-0.0001","-0.0001","0.00","0.19","-0.12","0.02","-0.02","0.02","38.88","-23.19","-13.19","-3.85","6.55","-0.01","-3.88","6.57","-0.01","3","3","1","0"
"2508","0.4318","-0.0001","-0.0001","-0.0001","0.12","0.00","-0.06","0.00","-0.01","0.02","38.88","-7.56","-0.06","-3.88","6.56","-6.12","-3.88","6.57","-6.15","3","3","1","0"
"2525","0.4318","-0.0001","-0.0001","-0.0001","0.00","-0.06","-0.06","0.01","-0.01","-0.01","38.88","-0.06","-0.06","-3.88","6.57","-6.11","-3.88","6.57","-6.15","3","3","1","0"
"2543","0.4318","0.7769","0.4583","0.0000","-0.19","0.19","0.06","0.02","-0.01","-0.01","38.88","-0.06","-0.06","-3.85","6.55","-0.01","-3.88","6.57","-6.15","3","3","1","0"
"2562","0.4318","0.7769","0.4583","0.0000","-0.06","0.06","-0.06","0.03","0.00","0.01","38.19","-0.06","-0.06","-3.85","6.57","-0.01","-3.88","6.57","-0.01","3","3","1","0"
"2580","0.4318","-0.0001","-0.0001","-0.0001","0.00","0.00","-0.06","0.01","-0.02","0.02","38.19","-23.87","-11.56","-3.86","6.54","-0.01","-3.88","6.57","-0.01","3","3","1","0"
"2598","0.4318","-0.0001","-0.0001","-0.0001","0.00","-0.06","-0.06","0.01","-0.02","0.01","38.19","-23.87","-11.56","-3.86","6.55","-6.13","-3.88","6.57","-6.15","3","3","1","0"
"2615","0.4318","0.7769","0.4583","0.0000","0.00","0.12","-0.06","0.02","-0.01","-0.01","38.19","-23.56","-13.56","-3.86","6.55","-6.12","-3.88","6.57","-6.15","3","3","1","0"
"2633","0.4318","0.7769","0.4583","0.0000","-0.19","0.00","-0.06","0.03","-0.01","-0.01","38.19","-0.06","-0.06","-3.85","6.56","-0.01","-3.88","6.57","-6.15","3","3","1","0"
"2653","0.4318","0.7769","0.4583","0.0000","-0.06","-0.12","0.06","0.00","-0.02","0.04","38.19","-23.56","-13.56","-3.87","6.54","-6.10","-3.88","6.57","-6.15","3","3","1","0"
"2669","0.4318","-0.0001","-0.0001","-0.0001","0.00","-0.19","-0.06","0.01","0.00","0.04","39.25","-23.56","-12.38","-3.86","6.57","-6.10","-3.88","6.57","-0.01","3","3","1","0"
"2688","0.4318","-0.0001","-0.0001","-0.0001","-0.06","0.12","0.12","0.00","-0.02","0.02","39.25","-23.56","-12.38","-3.85","6.56","-6.13","-3.88","6.57","-6.15","3","3","1","0"
"2705","0.4318","0.7769","0.4583","0.0000","-0.19","0.25","-0.06","0.03","-0.01","0.00","39.25","-0.06","-0.06","-3.85","6.55","-0.01","-3.88","6.57","-6.15","3","3","1","0"
"2722","0.4318","0.7769","0.4583","0.0000","-0.06","0.12","0.06","0.00","-0.02","0.03","38.19","-0.06","-0.06","-3.87","6.55","-0.01","-3.88","6.57","-0.01","3","3","1","0"
"2741","0.4318","-0.0001","-0.0001","-0.0001","-0.12","0.12","0.00","0.01","-0.02","0.00","38.19","-23.87","-13.25","-3.86","6.54","-0.01","-3.88","6.57","-0.01","3","3","1","0"
"2758","0.4318","-0.0001","-0.0001","-0.0001","0.06","0.19","0.06","0.02","-0.02","0.01","38.88","-23.87","-12.00","-3.85","6.55","-6.13","-3.88","6.57","-1.03","3","3","1","0"
"2776","0.4318","-0.0001","-0.0001","-0.0001","-0.12","0.12","-0.06","0.02","-0.01","-0.01","38.88","-0.06","-0.06","-3.85","6.55","-6.12","-3.88","6.57","-6.15","3","3","1","0"
"2794","0.4318","0.7769","0.4583","0.0000","0.06","-0.06","0.00","0.03","-0.01","-0.01","38.88","-0.06","-0.06","-3.85","6.54","-0.01","-3.88","6.57","-6.15","3","3","1","0"
"2812","0.4318","0.7769","0.4583","0.0000","-0.06","0.00","-0.25","0.01","-0.01","0.00","38.56","-24.25","-11.56","-3.86","6.56","-0.01","-3.88","6.57","-0.01","3","3","1","0"
"2831","0.4318","-0.0001","-0.0001","-0.0001","0.00","-0.06","0.00","0.00","0.00","0.00","38.56","-24.25","-11.56","-3.87","6.57","-0.01","-3.88","6.57","-0.01","3","3","1","0"
"2848","0.4318","-0.0001","-0.0001","-0.0001","-0.12","0.00","0.06","0.02","-0.01","0.02","38.56","-24.25","-11.56","-3.85","6.55","-6.12","-3.88","6.57","-6.15","3","3","1","0"
"2867","0.4318","-0.0001","-0.0001","-0.0001","-0.06","0.19","0.00","0.01","-0.01","-0.01","38.19","-23.87","-13.56","-3.86","6.54","-6.09","-3.88","6.57","-6.15","3","3","1","0"
"2884","0.4318","0.7769","0.4583","0.0000","-0.06","-0.06","-0.06","0.02","-0.01","-0.01","38.19","-0.06","-0.06","-3.85","6.56","-0.01","-3.88","6.57","-6.15","3","3","1","0"
"2904","0.4318","0.7769","0.4583","0.0000","-0.19","0.19","-0.06","0.01","-0.01","0.02","38.19","-23.87","-13.56","-3.86","6.56","-6.12","-3.88","6.57","-1.03","3","3","1","0"
"2920","0.4318","-0.0001","-0.0001","-0.0001","-0.19","0.06","0.00","0.00","0.00","0.05","38.19","-24.25","-13.19","-3.88","6.57","-6.09","-3.88","6.57","-0.01","3","3","1","0"
"2937","0.4318","-0.0001","-0.0001","-0.0001","-0.06","0.00","0.06","0.04","-0.01","-0.01","38.19","-24.25","-13.19","-3.85","6.57","-6.14","-3.88","6.57","-6.15","3","3","1","0"
"2956","0.4318","0.7769","0.4583","0.0000","-0.12","-0.06","-0.12","0.02","-0.02","0.04","38.19","-24.25","-13.19","-3.85","6.55","-0.01","-3.88","6.57","-6.15","3","3","1","0"
"2973","0.4318","0.7769","0.4583","0.0000","0.06","-0.06","0.12","0.00","-0.03","0.04","38.56","-0.06","-0.06","-3.87","6.54","-0.01","-3.88","6.57","-0.01","3","3","1","0"
"2992","0.4318","-0.0001","-0.0001","-0.0001","0.00","0.06","0.19","0.01","-0.02","0.02","38.56","-23.87","-12.38","-3.86","6.54","-0.01","-3.88","6.57","-0.01","3","3","1","0"
"3009","0.4318","0.7769","0.4583","0.0000","0.00","-0.06","-0.06","0.01","-0.01","0.02","38.88","-24.69","-11.56","-3.85","6.56","-6.11","-3.88","6.57","-6.15","3","3","1","0"
"3026","0.4318","0.7769","0.4583","0.0000","0.06","0.00","-0.06","0.01","-0.01","-0.01","38.88","-24.69","-11.56","-3.86","6.54","-6.13","-3.88","6.57","-6.15","3","3","1","0"
"3045","0.4318","0.7769","0.4583","0.0000","0.12","-0.06","0.06","0.02","0.00","-0.01","38.88","-24.69","-11.56","-3.85","6.57","-0.01","-3.88","6.57","-1.03","3","3","1","0"
"3063","0.4318","0.7769","0.4583","0.0000","0.00","-0.19","0.12","0.01","0.00","0.04","38.88","-0.06","-0.06","-3.86","6.57","-0.01","-3.88","6.57","-0.01","3","3","1","0"
"3082","0.4318","-0.0001","-0.0001","-0.0001","-0.06","-0.06","-0.06","0.01","0.00","0.00","38.88","-23.87","-13.19","-3.86","6.57","-0.01","-3.88","6.57","-0.01","3","3","1","0"
"3100","0.4318","-0.0001","-0.0001","-0.0001","-0.06","-0.06","-0.06","0.01","-0.01","0.02","38.88","-23.87","-13.19","-3.86","6.56","-6.12","-3.88","6.57","-6.15","3","3","1","0"
"3118","0.4318","-0.0001","-0.0001","-0.0001","0.12","-0.06","-0.06","0.02","-0.01","-0.01","39.25","-23.87","-12.75","-3.85","6.56","-6.10","-3.88","6.57","-6.15","3","3","1","0"
"3135","0.4318","0.7769","0.4583","0.0000","0.06","-0.12","-0.06","0.01","-0.01","-0.01","39.25","-0.06","-0.06","-3.86","6.55","-0.01","-3.88","6.57","-6.15","3","3","1","0"
"3154","0.4318","0.7769","0.4583","0.0000","0.12","-0.12","0.06","0.02","-0.03","0.00","39.25","-23.87","-12.75","-3.85","6.54","-6.14","-3.88","6.57","-6.15","3","3","1","0"
"3171","0.4318","-0.0001","-0.0001","-0.0001","0.00","-0.12","-0.12","0.02","-0.02","0.03","38.88","-24.69","-12.00","-3.85","6.54","-6.11","-3.88","6.57","-0.01","3","3","1","0"
"3188","0.4318","-0.0001","-0.0001","-0.0001","0.00","-0.06","-0.06","0.01","-0.01","-0.01","38.88","-24.69","-12.00","-3.87","6.54","-6.10","-3.88","6.57","-6.15","3","3","1","0"
"3206","0.4318","0.7769","0.4583","0.0000","0.06","0.12","-0.19","0.01","-0.01","0.00","38.88","-24.69","-12.00","-3.86","6.55","-0.01","-3.88","6.57","-6.15","3","3","1","0"
"3224","0.4318","0.7769","0.4583","0.0000","-0.06","-0.25","0.00","0.00","-0.03","0.02","38.56","-24.25","-12.38","-3.87","6.54","-0.01","-3.88","6.57","-0.01","3","3","1","0"
"3243","0.4318","0.7769","0.4583","0.0000","-0.12","0.25","-0.12","0.01","-0.01","0.06","38.56","-24.25","-12.38","-3.86","6.55","-0.01","-3.88","6.57","-0.01","3","3","1","0"
"3260","0.4318","-0.0001","-0.0001","-0.0001","0.00","-0.06","-0.06","0.00","-0.01","0.05","38.88","-23.87","-12.38","-3.88","6.56","-6.09","-3.88","6.57","-0.01","3","3","1","0"
"3277","0.4318","-0.0001","-0.0001","-0.0001","0.06","-0.06","-0.06","0.00","-0.01","-0.01","38.88","-23.87","-12.38","-3.86","6.54","-6.14","-3.88","6.57","-6.15","3","3","1","0"
"3296","0.4318","0.7769","0.4583","0.0000","0.00","0.00","0.06","0.01","-0.01","-0.01","38.88","-0.06","-0.06","-3.86","6.56","-0.01","-3.88","6.57","-6.15","3","3","1","0"
"3314","0.4318","0.7769","0.4583","0.0000","0.00","0.25","-0.06","0.01","0.00","0.05","39.25","-23.56","-11.56","-3.86","6.57","-0.01","-3.88","6.57","-0.01","3","3","1","0"
"3332","0.4318","-0.0001","-0.0001","-0.0001","0.00","0.12","-0.06","0.01","-0.02","0.00","39.25","-23.56","-11.56","-3.86","6.55","-6.15","-3.88","6.57","-0.01","3","3","1","0"
"3350","0.4318","-0.0001","-0.0001","-0.0001","-0.06","0.06","0.06","0.02","-0.02","0.00","39.25","-23.56","-11.56","-3.85","6.55","-6.14","-3.88","6.57","-6.15","3","3","1","0"
"3367","0.4318","-0.0001","-0.0001","-0.0001","0.00","0.12","-0.06","0.02","-0.01","-0.01","38.88","-24.25","-12.75","-3.85","6.57","-6.11","-3.88","6.57","-6.15","3","3","1","0"
"3386","0.4318","0.7769","0.4583","0.0000","0.00","-0.06","0.00","0.02","-0.01","-0.01","38.88","-24.25","-12.75","-3.85","6.56","-6.14","-3.88","6.57","-6.15","3","3","1","0"
"3404","0.4318","0.7769","0.4583","0.0000","0.12","-0.06","-0.06","0.02","-0.01","0.05","38.88","-24.25","-12.75","-3.85","6.56","-6.09","-3.88","6.57","-1.03","3","3","1","0"
"3422","0.4318","-0.0001","-0.0001","-0.0001","0.00","-0.19","0.06","0.00","-0.01","0.02","38.88","-24.25","-13.56","-3.88","6.55","-6.12","-3.88","6.57","-0.01","3","3","1","0"
"3439","0.4318","-0.0001","-0.0001","-0.0001","-0.06","0.00","-0.06","0.00","-0.01","-0.01","38.88","-24.25","-13.56","-3.85","6.54","-6.14","-3.88","6.57","-6.15","3","3","1","0"
"3457","0.4318","0.7769","0.4583","0.0000","0.00","0.06","0.06","0.00","0.00","0.01","38.88","-24.25","-13.56","-3.87","6.58","-0.01","-3.88","6.57","-6.15","3","3","1","0"
"3474","0.4318","0.7769","0.4583","0.0000","0.06","-0.06","-0.06","0.03","0.00","0.05","38.56","-24.69","-12.00","-3.85","6.57","-0.01","-3.88","6.57","-0.01","3","3","1","0"
"3493","0.4318","0.7769","0.4583","0.0000","0.12","-0.12","0.06","0.01","-0.01","0.02","38.56","-24.69","-12.00","-3.86","6.55","-0.01","-3.88","6.57","-0.01","3","3","1","0"
"3511","0.4318","-0.0001","-0.0001","-0.0001","0.19","-0.06","-0.06","0.01","-0.01","0.05","38.56","-23.56","-12.38","-3.86","6.55","-6.09","-3.88","6.57","-6.15","3","3","1","0"
"3528","0.4318","-0.0001","-0.0001","-0.0001","0.12","-0.06","-0.06","0.01","-0.01","-0.01","38.56","-23.56","-12.38","-3.88","6.55","-6.15","-3.88","6.57","-6.15","3","3","1","0"
"3547","0.4318","0.7769","0.4583","0.0000","-0.12","0.06","0.00","0.01","-0.01","-0.01","38.56","-0.06","-0.06","-3.86","6.55","-0.01","-3.88","6.57","-6.15","3","3","1","0"
"3565","0.4318","0.7769","0.4583","0.0000","-0.12","0.12","-0.06","0.02","0.00","0.03","38.56","-24.69","-12.75","-3.85","6.57","-0.01","-3.88","6.57","-0.01","3","3","1","0"
"3584","0.4318","0.7769","0.4583","0.0000","0.12","-0.06","0.00","0.03","-0.01","0.01","38.56","-24.69","-12.75","-3.85","6.56","-0.01","-3.88","6.57","-0.01","3","3","1","0"
"3602","0.4318","-0.0001","-0.0001","-0.0001","0.00","-0.12","-0.12","0.00","0.00","0.04","38.56","-24.69","-12.75","-3.87","6.57","-6.10","-3.88","6.57","-6.15","3","3","1","0"
"3619","0.4318","-0.0001","-0.0001","-0.0001","-0.12","0.00","0.06","0.02","-0.01","-0.01","38.19","-23.87","-14.00","-3.88","6.54","-6.09","-3.88","6.57","-6.15","3","3","1","0"
"3637","0.4318","0.7769","0.4583","0.0000","0.00","0.00","0.12","0.02","-0.01","-0.01","38.19","-0.06","-0.06","-3.85","6.55","-6.12","-3.88","6.57","-6.15","3","3","1","0"
"3655","0.4318","0.7769","0.4583","0.0000","-0.06","-0.06","-0.06","0.02","-0.01","0.04","38.19","-23.87","-14.00","-3.85","6.56","-6.10","-3.88","6.57","-0.01","3","3","1","0"
"3673","0.4318","-0.0001","-0.0001","-0.0001","0.06","-0.06","0.06","0.01","-0.01","0.03","38.56","-24.69","-12.75","-3.86","6.56","-6.11","-3.88","6.57","-0.01","3","3","1","0"
"3690","0.4318","-0.0001","-0.0001","-0.0001","-0.06","0.00","0.00","0.01","-0.01","0.01","38.56","-24.69","-12.75","-3.85","6.57","-6.13","-3.88","6.57","-6.15","3","3","1","0"
"3707","0.4318","0.7769","0.4583","0.0000","0.12","-0.12","0.06","0.01","-0.01","0.03","38.56","-24.69","-12.75","-3.86","6.56","-0.01","-3.88","6.57","-6.15","3","3","1","0"
"3726","0.4318","0.7769","0.4583","0.0000","0.12","-0.06","-0.06","0.02","-0.02","0.01","38.56","-24.25","-14.00","-3.85","6.55","-0.01","-3.88","6.57","-0.01","3","3","1","0"
"3744","0.4318","0.7769","0.4583","0.0000","0.12","-0.12","-0.12","0.02","0.00","0.05","38.56","-24.25","-14.00","-3.85","6.57","-0.01","-3.88","6.57","-0.01","3","3","1","0"
"3763","0.4318","-0.0001","-0.0001","-0.0001","-0.06","0.00","0.12","0.01","-0.02","0.05","38.19","-25.06","-12.38","-3.86","6.54","-6.09","-3.88","6.57","-0.01","3","3","1","0"
"3780","0.4318","-0.0001","-0.0001","-0.0001","-0.06","-0.19","0.06","0.01","-0.01","0.02","38.19","-25.06","-12.38","-3.86","6.56","-6.12","-3.88","6.57","-6.15","3","3","1","0"
"3799","0.4318","0.7769","0.4583","0.0000","0.06","0.06","0.00","-0.01","-0.01","0.02","38.19","-25.06","-12.38","-3.87","6.56","-6.11","-3.88","6.57","-6.15","3","3","1","0"
"3817","0.4318","0.7769","0.4583","0.0000","0.06","-0.19","-0.06","0.02","-0.01","-0.01","39.69","-0.06","-0.06","-3.85","6.56","-0.01","-3.88","6.57","-6.15","3","3","1","0"
"3835","0.4318","0.7769","0.4583","0.0000","-0.06","-0.06","0.19","0.01","0.00","0.00","39.69","-0.06","-0.06","-3.86","6.57","-0.01","-3.88","6.57","-0.01","3","3","1","0"
"3854","0.4318","-0.0001","-0.0001","-0.0001","-0.06","0.19","0.00","0.03","-0.03","0.01","39.69","-23.87","-12.38","-3.84","6.54","-6.13","-3.88","6.57","-6.15","3","3","1","0"
"3870","0.4318","-0.0001","-0.0001","-0.0001","0.12","0.06","0.00","0.02","-0.01","0.03","38.19","-24.69","-13.19","-3.85","6.56","-6.11","-3.88","6.57","-6.15","3","3","1","0"
"3889","0.4318","0.7769","0.4583","0.0000","0.06","-0.06","-0.06","0.02","0.00","0.00","38.19","-24.69","-13.19","-3.86","6.55","-6.11","-3.88","6.57","-6.15","3","3","1","0"
"3907","0.4318","0.7769","0.4583","0.0000","0.12","0.00","-0.06","0.00","-0.02","0.00","38.19","-24.69","-13.19","-3.88","6.55","-6.14","-3.88","6.57","-0.01","3","3","1","0"
"3924","0.4318","0.7769","0.4583","0.0000","0.00","0.00","0.06","-0.01","-0.01","0.03","39.69","-24.25","-13.25","-3.89","6.55","-0.01","-3.88","6.57","-0.01","3","3","1","0"
"3943","0.4318","-0.0001","-0.0001","-0.0001","0.00","0.12","0.00","0.02","-0.02","0.04","39.69","-24.25","-13.25","-3.85","6.55","-6.10","-3.88","6.57","-0.01","3","3","1","0"
"3960","0.4318","0.7769","0.4583","0.0000","0.12","0.00","-0.06","0.02","-0.01","-0.01","39.69","-24.25","-13.25","-3.86","6.58","-6.13","-3.88","6.57","-6.15","3","3","1","0"
"3978","0.4318","0.7769","0.4583","0.0000","0.06","-0.19","-0.06","0.01","-0.01","-0.01","38.19","-0.06","-0.06","-3.86","6.54","-0.01","-3.88","6.57","-6.15","3","3","1","0"
"3996","0.4318","0.7769","0.4583","0.0000","-0.06","0.06","0.06","0.00","-0.01","0.05","38.19","-0.06","-0.06","-3.88","6.55","-0.01","-3.88","6.57","-0.01","3","3","1","0"
"4014","0.4318","-0.0001","-0.0001","-0.0001","0.06","0.19","-0.19","0.02","-0.02","0.00","38.56","-23.56","-12.75","-3.85","6.55","-6.14","-3.88","6.57","-0.01","3","3","1","0"
"4031","0.4318","-0.0001","-0.0001","-0.0001","-0.06","-0.12","0.06","0.00","-0.03","0.01","38.56","-23.56","-12.75","-3.87","6.54","-6.13","-3.88","6.57","-6.15","3","3","1","0"
"4049","0.4318","0.7769","0.4583","0.0000","-0.06","0.00","-0.06","0.00","-0.01","-0.01","38.56","-0.06","-0.06","-3.86","6.58","-6.13","-3.88","6.57","-6.15","3","3","1","0"
"4068","0.4318","0.7769","0.4583","0.0000","-0.12","0.00","0.00","0.00","-0.01","-0.01","37.75","-0.06","-0.06","-3.87","6.54","-0.01","-3.88","6.57","-6.15","3","3","1","0"
"4086","0.4318","0.7769","0.4583","0.0000","-0.19","-0.06","-0.06","0.02","-0.02","0.00","37.75","-0.06","-0.06","-3.85","6.54","-0.01","-3.88","6.57","-0.01","3","3","1","0"
"4105","0.4318","-0.0001","-0.0001","-0.0001","0.00","0.06","-0.06","0.00","-0.01","0.05","37.75","-23.56","-12.38","-3.87","6.56","-6.09","-3.88","6.57","-6.15","3","3","1","0"
"4121","0.4318","-0.0001","-0.0001","-0.0001","-0.06","-0.25","-0.12","0.02","-0.02","0.01","38.56","-23.56","-12.38","-3.86","6.54","-6.12","-3.88","6.57","-6.15","3","3","1","0"
"4140","0.4318","0.7769","0.4583","0.0000","0.00","-0.06","-0.06","0.00","-0.01","-0.01","38.56","-0.06","-0.06","-3.86","6.57","-6.14","-3.88","6.57","-6.15","3","3","1","0"
"4157","0.4318","0.7769","0.4583","0.0000","-0.19","0.25","0.00","0.00","-0.01","0.03","38.56","-23.56","-12.38","-3.87","6.55","-6.11","-3.88","6.57","-0.01","3","3","1","0"
"4174","0.4318","-0.0001","-0.0001","-0.0001","-0.12","-0.25","0.00","0.00","-0.02","0.01","38.88","-23.87","-12.38","-3.87","6.55","-6.13","-3.88","6.57","-0.01","3","3","1","0"
"4192","0.4318","-0.0001","-0.0001","-0.0001","0.12","-0.06","-0.06","0.01","-0.02","0.01","38.88","-23.87","-12.38","-3.86","6.55","-6.13","-3.88","6.57","-6.15","3","3","1","0"
"4209","0.4318","0.7769","0.4583","0.0000","-0.06","-0.06","0.00","0.01","-0.01","0.04","38.88","-0.06","-0.06","-3.86","6.55","-0.01","-3.88","6.57","-6.15","3","3","1","0"
"4227","0.4318","0.7769","0.4583","0.0000","-0.06","-0.12","-0.06","0.02","-0.03","0.00","38.56","-0.06","-0.06","-3.85","6.54","-0.01","-3.88","6.57","-0.01","3","3","1","0"
"4245","0.4318","0.7769","0.4583","0.0000","-0.19","0.06","0.00","0.01","-0.01","0.02","38.56","-23.87","-12.00","-3.86","6.56","-0.01","-3.88","6.57","-0.01","3","3","1","0"
"4263","0.4318","-0.0001","-0.0001","-0.0001","-0.25","-0.06","0.06","0.00","-0.01","0.01","38.19","-24.25","-13.25","-3.87","6.55","-6.13","-3.88","6.57","-0.01","3","3","1","0"
"4281","0.4318","-0.0001","-0.0001","-0.0001","0.00","-0.06","-0.06","0.02","-0.01","-0.01","38.19","-24.25","-13.25","-3.85","6.57","-6.13","-3.88","6.57","-6.15","3","3","1","0"
"4298","0.4318","0.7769","0.4583","0.0000","0.12","-0.06","-0.06","0.00","-0.01","-0.01","38.19","-24.25","-13.25","-3.87","6.56","-0.01","-3.88","6.57","-6.15","3","3","1","0"
"4318","0.4318","0.7769","0.4583","0.0000","-0.12","-0.06","0.00","0.01","-0.01","0.04","38.56","-7.88","-0.06","-3.86","6.56","-0.01","-3.88","6.57","-0.01","3","3","1","0"
"4335","0.4318","0.7769","0.4583","0.0000","-0.12","0.00","-0.12","0.01","-0.01","0.03","38.56","-23.87","-12.38","-3.86","6.55","-0.01","-3.88","6.57","-0.01","3","3","1","0"
"4354","0.4318","-0.0001","-0.0001","-0.0001","0.06","-0.12","0.00","0.00","-0.01","0.03","38.56","-23.87","-12.38","-3.88","6.56","-6.11","-3.88","6.57","-6.15","3","3","1","0"
"4371","0.4318","-0.0001","-0.0001","-0.0001","0.06","0.00","-0.06","0.00","-0.01","-0.01","38.88","-23.25","-14.38","-3.87","6.54","-6.07","-3.88","6.57","-6.15","3","3","1","0"
"4389","0.4318","0.7769","0.4583","0.0000","-0.19","0.12","0.06","0.00","-0.01","-0.01","38.88","-0.06","-0.06","-3.87","6.56","-6.13","-3.88","6.57","-6.15","3","3","1","0"
"4408","0.4318","0.7769","0.4583","0.0000","-0.19","0.06","-0.12","0.00","-0.03","0.03","38.88","-23.25","-14.38","-3.88","6.54","-6.11","-3.88","6.57","-1.03","3","3","1","0"
"4424","0.4318","-0.0001","-0.0001","-0.0001","0.06","0.00","-0.06","0.01","-0.01","0.03","38.88","-23.87","-12.75","-3.86","6.56","-6.11","-3.88","6.57","-0.01","3","3","1","0"
"4442","0.4318","-0.0001","-0.0001","-0.0001","-0.06","-0.12","0.00","0.02","-0.01","0.01","38.88","-23.87","-12.75","-3.85","6.55","-6.10","-3.88","6.57","-6.15","3","3","1","0"
"4460","0.4318","0.7769","0.4583","0.0000","-0.12","-0.06","0.00","0.02","-0.02","0.03","38.88","-23.87","-12.75","-3.85","6.54","-0.01","-3.88","6.57","-6.15","3","3","1","0"
"4477","0.4318","0.7769","0.4583","0.0000","0.00","-0.06","0.00","0.03","-0.01","0.01","39.25","-0.06","-0.06","-3.85","6.56","-0.01","-3.88","6.57","-0.01","3","3","1","0"
"4496","0.4318","-0.0001","-0.0001","-0.0001","0.00","-0.12","0.06","0.01","-0.01","0.01","39.25","-23.87","-14.00","-3.86","6.56","-0.01","-3.88","6.57","-0.01","3","3","1","0"
"4513","0.4318","0.7769","0.4583","0.0000","0.00","-0.06","-0.06","0.01","-0.01","0.01","38.19","-23.87","-13.25","-3.88","6.57","-6.09","-3.88","6.57","-6.15","3","3","1","0"
"4531","0.4318","0.7769","0.4583","0.0000","0.00","0.06","0.00","0.00","-0.01","-0.01","38.19","-0.06","-0.06","-3.85","6.56","-6.13","-3.88","6.57","-6.15","3","3","1","0"
"4549","0.4318","0.7769","0.4583","0.0000","0.00","-0.06","-0.06","0.01","-0.01","-0.01","38.19","-0.06","-0.06","-3.86","6.56","-0.01","-3.88","6.57","-6.15","3","3","1","0"
"4568","0.4318","0.7769","0.4583","0.0000","0.06","-0.25","-0.12","0.01","0.00","0.05","38.88","-0.06","-0.06","-3.86","6.57","-0.01","-3.88","6.57","-0.01","3","3","1","0"
"4586","0.4318","-0.0001","-0.0001","-0.0001","0.06","0.00","0.00","0.00","-0.02","0.01","38.88","-23.87","-12.75","-3.87","6.54","-0.01","-3.88","6.57","-0.01","3","3","1","0"
"4603","0.4318","-0.0001","-0.0001","-0.0001","0.06","0.00","-0.06","0.00","-0.03","0.02","38.88","-23.87","-12.75","-3.87","6.54","-6.12","-3.88","6.57","-6.15","3","3","1","0"
"4621","0.4318","0.7769","0.4583","0.0000","0.06","-0.06","-0.06","0.00","0.00","0.03","38.88","-23.56","-13.56","-3.86","6.58","-6.13","-3.88","6.57","-6.15","3","3","1","0"
"4639","0.4318","0.7769","0.4583","0.0000","-0.06","0.06","0.00","0.02","-0.01","-0.01","38.88","-0.06","-0.06","-3.85","6.55","-0.01","-3.88","6.57","-6.15","3","3","1","0"
"4659","0.4318","0.7769","0.4583","0.0000","0.00","-0.06","0.00","0.00","-0.01","0.03","38.88","-23.56","-13.56","-3.87","6.55","-6.11","-3.88","6.57","-6.15","3","3","1","0"
"4675","0.4318","-0.0001","-0.0001","-0.0001","0.12","-0.19","-0.06","0.00","-0.01","0.04","38.88","-23.87","-13.56","-3.87","6.56","-6.10","-3.88","6.57","-0.01","3","3","1","0"
"4692","0.4318","-0.0001","-0.0001","-0.0001","0.00","0.00","0.06","0.00","0.00","0.00","38.88","-23.87","-13.56","-3.86","6.55","-6.11","-3.88","6.57","-6.15","3","3","1","0"
"4711","0.4318","0.7769","0.4583","0.0000","0.00","-0.06","0.12","0.02","-0.01","0.04","38.88","-0.06","-0.06","-3.85","6.55","-0.01","-3.88","6.57","-6.15","3","3","1","0"
"4728","0.4318","0.7769","0.4583","0.0000","0.00","0.00","-0.06","0.01","-0.02","0.00","37.75","-24.25","-12.75","-3.86","6.55","-0.01","-3.88","6.57","-0.01","3","3","1","0"
"4747","0.4318","0.7769","0.4583","0.0000","0.12","-0.06","0.00","0.02","-0.02","0.00","37.75","-24.25","-12.75","-3.85","6.54","-0.01","-3.88","6.57","-0.01","3","3","1","0"
"4764","0.4318","-0.0001","-0.0001","-0.0001","0.00","-0.06","-0.06","0.02","0.00","0.00","38.56","-23.87","-12.38","-3.85","6.57","-6.14","-3.88","6.57","-6.15","3","3","1","0"
"4782","0.4318","-0.0001","-0.0001","-0.0001","0.00","-0.06","-0.06","0.00","-0.01","-0.01","38.56","-23.87","-12.38","-3.87","6.55","-6.12","-3.88","6.57","-6.15","3","3","1","0"
"4800","0.4318","0.7769","0.4583","0.0000","0.06","-0.12","0.00","0.03","0.00","0.02","38.56","-0.06","-0.06","-3.85","6.58","-6.12","-3.88","6.57","-6.15","3","3","1","0"
"4818","0.4318","0.7769","0.4583","0.0000","0.00","0.00","-0.06","0.02","-0.02","0.02","38.56","-24.69","-12.00","-3.85","6.54","-0.01","-3.88","6.57","-0.01","3","3","1","0"
"4837","0.4318","0.7769","0.4583","0.0000","0.12","-0.31","-0.06","0.00","-0.01","0.03","38.56","-24.69","-12.00","-3.87","6.56","-0.01","-3.88","6.57","-0.01","3","3","1","0"
"4855","0.4318","-0.0001","-0.0001","-0.0001","0.12","-0.25","0.12","0.00","-0.01","-0.01","38.56","-24.69","-12.00","-3.87","6.56","-6.16","-3.88","6.57","-6.15","3","3","1","0"
"4873","0.4318","-0.0001","-0.0001","-0.0001","0.00","0.06","0.00","0.01","0.00","0.01","38.56","-24.25","-12.75","-3.84","6.54","-6.12","-3.88","6.57","-6.15","3","3","1","0"
"4891","0.4318","0.7769","0.4583","0.0000","0.06","-0.06","-0.06","0.00","-0.01","-0.01","38.56","-24.25","-12.75","-3.87","6.54","-6.13","-3.88","6.57","-6.15","3","3","1","0"
"4910","0.4318","0.7769","0.4583","0.0000","0.00","0.00","-0.06","0.02","-0.01","0.00","38.56","-24.25","-12.75","-3.85","6.55","-6.14","-3.88","6.57","-0.01","3","3","1","0"
"4926","0.4318","-0.0001","-0.0001","-0.0001","0.12","-0.12","0.00","0.00","-0.02","0.00","38.88","-24.25","-13.56","-3.87","6.55","-6.15","-3.88","6.57","-0.01","3","3","1","0"
"4943","0.4318","-0.0001","-0.0001","-0.0001","0.06","0.06","-0.06","0.00","-0.03","0.00","38.88","-24.25","-13.56","-3.87","6.54","-6.11","-3.88","6.57","-6.15","3","3","1","0"
"4962","0.4318","0.7769","0.4583","0.0000","0.00","0.06","0.06","0.02","0.00","0.04","38.88","-24.25","-13.56","-3.85","6.57","-0.01","-3.88","6.57","-6.15","3","3","1","0"
"4979","0.4318","0.7769","0.4583","0.0000","-0.06","-0.06","-0.06","0.03","0.00","0.00","38.56","-0.06","-0.06","-3.85","6.57","-0.01","-3.88","6.57","-0.01","3","3","1","0"
"4997","0.4318","-0.0001","-0.0001","-0.0001","0.06","-0.12","0.06","0.03","0.01","0.02","38.56","-23.56","-13.25","-3.85","6.59","-0.01","-3.88","6.57","-0.01","3","3","1","0"
"5014","0.4318","0.7769","0.4583","0.0000","0.06","-0.06","-0.06","0.01","-0.02","0.03","38.56","-24.69","-11.56","-3.86","6.54","-6.12","-3.88","6.57","-6.15","3","3","1","0"
"5031","0.4318","0.7769","0.4583","0.0000","-0.06","0.06","0.06","0.01","-0.01","-0.01","38.56","-24.69","-11.56","-3.85","6.56","-6.13","-3.88","6.57","-6.15","3","3","1","0"
"5051","0.4318","0.7769","0.4583","0.0000","-0.19","0.19","0.06","0.00","-0.01","-0.01","38.56","-24.69","-11.56","-3.87","6.55","-6.13","-3.88","6.57","-6.15","3","3","1","0"
"5069","0.4318","0.7769","0.4583","0.0000","0.00","0.12","-0.12","0.01","-0.02","0.04","38.88","-24.69","-11.56","-3.86","6.54","-0.01","-3.88","6.57","-6.15","3","3","1","0"
"5089","0.4318","0.7769","0.4583","0.0000","-0.06","0.31","-0.19","0.01","-0.03","0.01","38.88","-24.69","-11.56","-3.86","6.54","-0.01","-3.88","6.57","-0.01","3","3","1","0"
"5107","0.4318","0.7769","0.4583","0.0000","-0.12","0.19","0.00","0.01","-0.02","0.01","38.88","-24.69","-11.56","-3.86","6.55","-6.13","-3.88","6.57","-6.15","3","3","1","0"
"5125","0.4318","-0.0001","-0.0001","-0.0001","-0.25","0.06","-0.06","0.01","-0.01","0.01","38.56","-24.25","-12.75","-3.86","6.56","-6.13","-3.88","6.57","-6.15","3","3","1","0"
"5142","0.4318","-0.0001","-0.0001","-0.0001","-0.06","0.00","-0.06","0.02","-0.01","-0.01","38.56","-24.25","-12.75","-3.85","6.55","-6.15","-3.88","6.57","-6.15","3","3","1","0"
"5160","0.4318","0.7769","0.4583","0.0000","0.00","0.06","-0.06","0.00","-0.03","0.04","38.56","-24.25","-12.75","-3.87","6.54","-6.10","-3.88","6.57","-0.01","3","3","1","0"
"5178","0.4318","-0.0001","-0.0001","-0.0001","-0.06","0.12","-0.12","0.02","-0.01","0.04","38.19","-23.56","-13.56","-3.85","6.55","-0.01","-3.88","6.57","-0.01","3","3","1","0"
"5196","0.4318","-0.0001","-0.0001","-0.0001","-0.12","0.12","0.06","0.02","0.00","0.03","38.19","-23.56","-13.56","-3.85","6.57","-6.11","-3.88","6.57","-0.01","3","3","1","0"
"5214","0.4318","0.7769","0.4583","0.0000","0.00","0.06","-0.06","0.01","-0.01","-0.01","38.19","-0.06","-0.06","-3.87","6.57","-6.13","-3.88","6.57","-6.15","3","3","1","0"
"5231","0.4318","0.7769","0.4583","0.0000","0.00","-0.12","-0.06","0.00","-0.01","-0.01","38.88","-24.25","-12.75","-3.87","6.56","-0.01","-3.88","6.57","-6.15","3","3","1","0"
"5250","0.4318","0.7769","0.4583","0.0000","-0.12","-0.31","0.06","0.00","-0.02","0.03","38.88","-24.25","-12.75","-3.87","6.55","-0.01","-3.88","6.57","-0.01","3","3","1","0"
"5268","0.4318","0.7769","0.4583","0.0000","-0.06","0.25","0.06","0.01","-0.01","0.04","39.25","-23.56","-13.25","-3.86","6.55","-0.01","-3.88","6.57","-0.01","3","3","1","0"
"5286","0.4318","-0.0001","-0.0001","-0.0001","-0.06","0.06","0.00","0.02","0.00","0.00","39.25","-23.56","-13.25","-3.85","6.57","-6.14","-3.88","6.57","-0.01","3","3","1","0"
"5305","0.4318","-0.0001","-0.0001","-0.0001","-0.06","0.19","0.00","0.01","-0.03","0.00","39.25","-23.56","-13.25","-3.87","6.53","-6.10","-3.88","6.57","-6.15","3","3","1","0"
"5322","0.4318","0.7769","0.4583","0.0000","-0.12","0.06","-0.06","0.02","0.00","0.01","39.25","-0.06","-0.06","-3.85","6.56","-6.10","-3.88","6.57","-6.15","3","3","1","0"
"5341","0.4318","0.7769","0.4583","0.0000","0.06","0.12","0.00","0.02","-0.01","-0.01","39.25","-0.06","-0.06","-3.85","6.54","-0.01","-3.88","6.57","-0.01","3","3","1","0"
"5359","0.4318","0.7769","0.4583","0.0000","-0.19","-0.19","0.00","0.01","-0.02","0.02","39.25","-23.87","-13.25","-3.86","6.54","-6.12","-3.88","6.57","-6.15","3","3","1","0"
"5376","0.4318","-0.0001","-0.0001","-0.0001","0.00","-0.06","-0.06","0.03","-0.01","0.00","38.19","-24.25","-12.38","-3.85","6.56","-6.14","-3.88","6.57","-6.15","3","3","1","0"
"5393","0.4318","-0.0001","-0.0001","-0.0001","-0.06","0.06","0.12","0.01","-0.01","-0.01","38.19","-24.25","-12.38","-3.85","6.55","-6.13","-3.88","6.57","-6.15","3","3","1","0"
"5411","0.4318","0.7769","0.4583","0.0000","-0.12","-0.06","-0.06","0.00","0.00","0.02","38.19","-24.25","-12.38","-3.88","6.57","-1.00","-3.88","6.57","-0.01","3","3","1","0"
"5429","0.4318","0.7769","0.4583","0.0000","-0.12","0.12","-0.19","0.00","-0.01","0.01","38.19","-24.25","-11.56","-3.87","6.56","-0.01","-3.88","6.57","-0.01","3","3","1","0"
"5447","0.4318","-0.0001","-0.0001","-0.0001","-0.12","-0.06","-0.06","0.02","-0.02","0.01","38.19","-24.25","-11.56","-3.85","6.54","-6.13","-3.88","6.57","-0.01","3","3","1","0"
"5465","0.4318","0.7769","0.4583","0.0000","0.00","-0.19","-0.12","0.01","-0.01","-0.01","38.19","-24.25","-11.56","-3.85","6.55","-6.13","-3.88","6.57","-6.15","3","3","1","0"
"5482","0.4318","0.7769","0.4583","0.0000","-0.06","0.06","-0.19","0.01","-0.01","-0.01","38.56","-24.25","-12.38","-3.86","6.56","-0.01","-3.88","6.57","-6.15","3","3","1","0"
"5500","0.4318","0.7769","0.4583","0.0000","0.00","0.12","0.12","0.02","-0.02","0.03","38.56","-24.25","-12.38","-3.85","6.54","-0.01","-3.88","6.57","-0.01","3","3","1","0"
"5519","0.4318","0.7769","0.4583","0.0000","0.00","-0.19","0.00","0.00","-0.02","0.03","38.88","-24.25","-12.38","-3.87","6.55","-6.11","-3.88","6.57","-0.01","3","3","1","0"
"5536","0.4318","-0.0001","-0.0001","-0.0001","0.12","-0.06","-0.06","-0.02","-0.01","0.00","38.88","-24.25","-12.38","-3.90","6.56","-6.14","-3.88","6.57","-6.15","3","3","1","0"
"5554","0.4318","-0.0001","-0.0001","-0.0001","0.06","-0.06","-0.06","0.01","-0.01","-0.01","38.88","-24.25","-12.38","-3.86","6.55","-6.13","-3.88","6.57","-6.15","3","3","1","0"
"5572","0.4318","0.7769","0.4583","0.0000","-0.06","0.00","0.00","0.01","-0.01","-0.01","38.56","-24.69","-14.38","-3.86","6.56","-6.10","-3.88","6.57","-6.15","3","3","1","0"
"5592","0.4318","0.7769","0.4583","0.0000","0.06","0.06","-0.12","0.00","0.01","0.00","38.56","-24.69","-14.38","-3.87","6.59","-0.01","-3.88","6.57","-0.01","3","3","1","0"
"5610","0.4318","0.7769","0.4583","0.0000","0.12","-0.19","0.19","0.00","-0.01","0.01","38.56","-24.69","-14.38","-3.87","6.56","-6.13","-3.88","6.57","-6.15","3","3","1","0"
"5626","0.4318","-0.0001","-0.0001","-0.0001","0.00","0.00","-0.06","0.03","-0.01","0.00","39.25","-23.87","-13.25","-3.85","6.56","-6.14","-3.88","6.57","-6.15","3","3","1","0"
"5644","0.4318","-0.0001","-0.0001","-0.0001","0.06","0.06","0.06","0.02","-0.01","-0.01","39.25","-23.87","-13.25","-3.86","6.56","-6.12","-3.88","6.57","-6.15","3","3","1","0"
"5662","0.4318","0.7769","0.4583","0.0000","0.06","0.12","0.00","0.02","-0.02","0.02","39.25","-23.87","-13.25","-3.85","6.54","-0.01","-3.88","6.57","-0.01","3","3","1","0"
"5681","0.4318","0.7769","0.4583","0.0000","0.19","0.06","-0.06","0.00","-0.02","0.01","38.56","-24.25","-12.75","-3.87","6.54","-0.01","-3.88","6.57","-0.01","3","3","1","0"
"5698","0.4318","-0.0001","-0.0001","-0.0001","0.06","0.12","-0.19","0.02","-0.01","0.03","38.56","-24.25","-12.75","-3.85","6.56","-6.11","-3.88","6.57","-0.01","3","3","1","0"
"5715","0.4318","0.7769","0.4583","0.0000","-0.12","0.19","0.00","0.02","0.00","0.03","39.25","-23.87","-13.25","-3.84","6.54","-6.13","-3.88","6.57","-6.15","3","3","1","0"
"5734","0.4318","0.7769","0.4583","0.0000","0.06","0.00","0.00","0.01","-0.01","-0.01","39.25","-0.06","-0.06","-3.87","6.54","-6.12","-3.88","6.57","-6.15","3","3","1","0"
"5751","0.4318","0.7769","0.4583","0.0000","0.12","0.06","-0.12","0.01","0.00","0.03","39.25","-0.06","-0.06","-3.86","6.57","-0.01","-3.88","6.57","-0.01","3","3","1","0"
"5771","0.4318","0.7769","0.4583","0.0000","0.00","0.12","-0.12","0.00","-0.01","0.03","38.56","-0.06","-0.06","-3.87","6.56","-0.01","-3.88","6.57","-0.01","3","3","1","0"
"5789","0.4318","-0.0001","-0.0001","-0.0001","0.00","0.06","-0.06","0.00","-0.02","0.03","38.56","-23.56","-11.56","-3.87","6.55","-0.01","-3.88","6.57","-0.01","3","3","1","0"
"5807","0.4318","-0.0001","-0.0001","-0.0001","-0.06","0.06","0.12","0.02","-0.02","0.02","38.56","-23.56","-11.56","-3.85","6.55","-6.12","-3.88","6.57","-6.15","3","3","1","0"
"5825","0.4318","0.7769","0.4583","0.0000","0.00","0.06","0.00","0.00","-0.01","-0.01","38.56","-23.87","-13.56","-3.87","6.54","-6.08","-3.88","6.57","-6.15","3","3","1","0"
"5843","0.4318","0.7769","0.4583","0.0000","0.19","-0.19","0.12","0.00","-0.01","-0.01","38.56","-0.06","-0.06","-3.88","6.52","-0.01","-3.88","6.57","-6.15","3","3","1","0"
"5862","0.4318","0.7769","0.4583","0.0000","-0.19","0.12","0.00","0.02","-0.01","0.04","38.56","-23.87","-13.56","-3.85","6.56","-6.10","-3.88","6.57","-6.15","3","3","1","0"
"5878","0.4318","-0.0001","-0.0001","-0.0001","0.00","-0.06","0.06","0.02","-0.03","0.03","38.88","-24.25","-14.38","-3.85","6.54","-6.11","-3.88","6.57","-0.01","3","3","1","0"
"5897","0.4318","-0.0001","-0.0001","-0.0001","0.12","0.06","-0.06","0.02","-0.01","0.01","38.88","-24.25","-14.38","-3.87","6.55","-6.11","-3.88","6.57","-6.15","3","3","1","0"
"5914","0.4318","0.7769","0.4583","0.0000","0.06","-0.12","0.12","0.02","-0.02","0.04","38.88","-24.25","-14.38","-3.85","6.54","-0.01","-3.88","6.57","-6.15","3","3","1","0"
"5932","0.4318","0.7769","0.4583","0.0000","0.00","-0.06","0.06","-0.01","-0.03","0.05","38.56","-24.25","-12.38","-3.89","6.54","-0.01","-3.88","6.57","-0.01","3","3","1","0"
"5951","0.4318","0.7769","0.4583","0.0000","-0.06","0.06","0.06","0.00","-0.01","0.01","38.56","-24.25","-12.38","-3.87","6.55","-0.01","-3.88","6.57","-0.01","3","3","1","0"
"5968","0.4318","-0.0001","-0.0001","-0.0001","0.00","0.00","0.06","0.01","-0.02","0.04","39.25","-23.87","-12.00","-3.86","6.55","-6.10","-3.88","6.57","-0.01","3","3","1","0"
"5985","0.4318","-0.0001","-0.0001","-0.0001","0.06","-0.06","-0.06","0.00","-0.01","-0.01","39.25","-23.87","-12.00","-3.87","6.54","-6.13","-3.88","6.57","-6.15","3","3","1","0"
"6003","0.4318","0.7769","0.4583","0.0000","0.06","-0.19","0.06","0.02","0.00","0.02","39.25","-0.06","-0.06","-3.85","6.57","-6.12","-3.88","6.57","-6.15","3","3","1","0"
"6023","0.4318","0.7769","0.4583","0.0000","-0.06","0.12","0.00","0.01","-0.01","0.01","38.88","-24.69","-12.75","-3.86","6.56","-0.01","-3.88","6.57","-0.01","3","3","1","0"
"6040","0.4318","0.7769","0.4583","0.0000","0.12","0.12","0.00","0.02","-0.01","0.00","38.88","-24.69","-12.75","-3.85","6.56","-0.01","-3.88","6.57","-0.01","3","3","1","0"
"6059","0.4318","-0.0001","-0.0001","-0.0001","0.19","-0.06","-0.19","0.01","-0.04","0.03","38.88","-24.69","-12.75","-3.86","6.53","-6.11","-3.88","6.57","-6.15","3","3","1","0"
"6076","0.4318","-0.0001","-0.0001","-0.0001","0.12","-0.06","-0.06","0.03","-0.01","-0.01","38.88","-23.56","-13.25","-3.88","6.54","-6.09","-3.88","6.57","-6.15","3","3","1","0"
"6094","0.4318","0.7769","0.4583","0.0000","0.06","0.00","0.00","0.01","-0.01","-0.01","38.88","-0.06","-0.06","-3.86","6.55","-6.12","-3.88","6.57","-6.15","3","3","1","0"
"6113","0.4318","0.7769","0.4583","0.0000","0.00","0.00","0.06","0.00","0.00","0.01","38.88","-23.56","-13.25","-3.88","6.57","-6.13","-3.88","6.57","-6.15","3","3","1","0"
"6129","0.4318","-0.0001","-0.0001","-0.0001","0.00","-0.12","0.00","0.01","-0.01","0.02","38.19","-23.56","-13.25","-3.86","6.56","-6.12","-3.88","6.57","-0.01","3","3","1","0"
"6147","0.4318","-0.0001","-0.0001","-0.0001","-0.06","0.06","-0.06","0.02","-0.01","0.01","38.19","-23.56","-13.25","-3.85","6.55","-6.14","-3.88","6.57","-6.15","3","3","1","0"
"6165","0.4318","0.7769","0.4583","0.0000","0.12","-0.19","-0.06","0.00","-0.01","0.01","38.19","-0.06","-0.06","-3.87","6.56","-0.01","-3.88","6.57","-6.15","3","3","1","0"
"6182","0.4318","0.7769","0.4583","0.0000","0.12","-0.37","-0.12","0.00","-0.01","0.07","38.19","-24.25","-12.38","-3.87","6.55","-0.01","-3.88","6.57","-0.01","3","3","1","0"
"6201","0.4318","0.7769","0.4583","0.0000","-0.06","-0.06","0.12","0.02","-0.02","0.00","38.19","-24.25","-12.38","-3.85","6.55","-0.01","-3.88","6.57","-0.01","3","3","1","0"
"6219","0.4318","-0.0001","-0.0001","-0.0001","0.00","-0.06","0.06","0.02","-0.01","0.03","38.19","-23.87","-12.75","-3.85","6.56","-6.11","-3.88","6.57","-6.15","3","3","1","0"
"6237","0.4318","-0.0001","-0.0001","-0.0001","0.00","0.06","0.00","0.00","-0.01","-0.01","38.19","-23.87","-12.75","-3.85","6.56","-6.14","-3.88","6.57","-6.15","3","3","1","0"
"6255","0.4318","0.7769","0.4583","0.0000","0.06","-0.06","-0.06","0.00","-0.01","-0.01","38.19","-0.06","-0.06","-3.88","6.54","-6.14","-3.88","6.57","-6.15","3","3","1","0"
"6273","0.4318","0.7769","0.4583","0.0000","0.06","0.00","0.06","0.01","-0.01","0.02","37.75","-24.25","-12.38","-3.86","6.56","-0.01","-3.88","6.57","-0.01","3","3","1","0"
"6292","0.4318","0.7769","0.4583","0.0000","0.06","-0.06","0.00","0.02","-0.01","0.00","37.75","-24.25","-12.38","-3.85","6.56","-0.01","-3.88","6.57","-0.01","3","3","1","0"
"6310","0.4318","-0.0001","-0.0001","-0.0001","0.19","0.06","0.06","0.01","-0.01","0.00","37.75","-24.25","-12.38","-3.86","6.56","-6.14","-3.88","6.57","-6.15","3","3","1","0"
"6327","0.4318","-0.0001","-0.0001","-0.0001","0.00","-0.06","-0.06","0.01","-0.01","-0.01","38.56","-24.69","-13.25","-3.86","6.55","-6.13","-3.88","6.57","-6.15","3","3","1","0"
"6344","0.4318","0.7769","0.4583","0.0000","0.06","-0.06","-0.06","0.02","-0.01","-0.01","38.56","-24.69","-13.25","-3.85","6.55","-0.01","-3.88","6.57","-6.15","3","3","1","0"
"6364","0.4318","0.7769","0.4583","0.0000","0.06","0.25","-0.12","0.00","-0.02","0.03","38.56","-24.69","-13.25","-3.88","6.55","-6.11","-3.88","6.57","-6.15","3","3","1","0"
"6380","0.4318","-0.0001","-0.0001","-0.0001","-0.06","0.06","0.00","0.01","-0.01","0.03","37.75","-24.69","-13.56","-3.86","6.56","-6.11","-3.88","6.57","-0.01","3","3","1","0"
"6397","0.4318","-0.0001","-0.0001","-0.0001","0.12","-0.06","-0.06","0.00","-0.01","-0.01","37.75","-24.69","-13.56","-3.86","6.56","-6.15","-3.88","6.57","-6.15","3","3","1","0"
"6415","0.4318","0.7769","0.4583","0.0000","0.06","-0.12","-0.12","0.02","-0.01","0.04","37.75","-24.69","-13.56","-3.85","6.56","-0.01","-3.88","6.57","-6.15","3","3","1","0"
"6433","0.4318","0.7769","0.4583","0.0000","0.06","0.00","-0.06","0.00","-0.01","0.04","38.88","-0.06","-0.06","-3.87","6.55","-0.01","-3.88","6.57","-0.01","3","3","1","0"
"6451","0.4318","-0.0001","-0.0001","-0.0001","-0.19","0.25","0.00","0.02","-0.02","0.03","38.88","-23.56","-13.25","-3.85","6.55","-0.01","-3.88","6.57","-0.01","3","3","1","0"
"6468","0.4318","0.7769","0.4583","0.0000","0.00","0.00","0.06","0.02","-0.01","0.02","38.56","-24.25","-12.38","-3.85","6.55","-6.13","-3.88","6.57","-6.15","3","3","1","0"
"6486","0.4318","0.7769","0.4583","0.0000","0.06","-0.06","-0.06","0.00","-0.01","-0.01","38.56","-24.25","-12.38","-3.87","6.54","-6.13","-3.88","6.57","-6.15","3","3","1","0"
"6505","0.4318","0.7769","0.4583","0.0000","-0.12","-0.06","0.06","0.00","-0.01","-0.01","38.56","-24.25","-12.38","-3.87","6.56","-0.01","-3.88","6.57","-6.15","3","3","1","0"
"6523","0.4318","0.7769","0.4583","0.0000","-0.12","0.31","-0.12","0.01","-0.01","0.03","38.56","-23.87","-13.25","-3.86","6.55","-0.01","-3.88","6.57","-0.01","3","3","1","0"
"6542","0.4318","-0.0001","-0.0001","-0.0001","0.00","-0.06","0.12","0.02","-0.04","0.00","38.56","-23.87","-13.25","-3.85","6.53","-0.01","-3.88","6.57","-0.01","3","3","1","0"
"6560","0.4318","-0.0001","-0.0001","-0.0001","-0.06","0.19","-0.19","0.00","0.00","0.03","38.56","-23.87","-13.25","-3.88","6.57","-6.11","-3.88","6.57","-6.15","3","3","1","0"
"6578","0.4318","-0.0001","-0.0001","-0.0001","-0.06","-0.06","-0.06","0.01","-0.01","-0.01","38.56","-23.87","-13.56","-3.86","6.55","-6.14","-3.88","6.57","-6.15","3","3","1","0"
"6595","0.4318","0.7769","0.4583","0.0000","0.00","0.00","0.00","0.01","-0.01","-0.01","38.56","-0.06","-0.06","-3.86","6.55","-6.13","-3.88","6.57","-6.15","3","3","1","0"
"6614","0.4318","0.7769","0.4583","0.0000","0.00","-0.19","0.00","0.01","-0.02","0.02","38.56","-23.87","-13.56","-3.86","6.54","-6.12","-3.88","6.57","-1.03","3","3","1","0"
"6631","0.4318","-0.0001","-0.0001","-0.0001","-0.12","0.06","-0.06","0.01","-0.01","0.03","38.19","-23.87","-12.75","-3.86","6.55","-6.11","-3.88","6.57","-0.01","3","3","1","0"
"6648","0.4318","-0.0001","-0.0001","-0.0001","-0.06","0.00","-0.06","0.03","-0.01","-0.01","38.19","-23.87","-12.75","-3.85","6.57","-6.14","-3.88","6.57","-6.15","3","3","1","0"
"6667","0.4318","0.7769","0.4583","0.0000","0.00","-0.19","0.06","0.01","-0.01","0.02","38.19","-7.88","-0.06","-3.86","6.56","-0.01","-3.88","6.57","-6.15","3","3","1","0"
"6684","0.4318","0.7769","0.4583","0.0000","-0.19","0.31","0.00","0.02","0.00","0.01","38.88","-0.06","-0.06","-3.85","6.57","-0.01","-3.88","6.57","-0.01","3","3","1","0"
"6702","0.4318","-0.0001","-0.0001","-0.0001","-0.06","0.00","0.00","0.02","-0.01","0.00","38.88","-23.87","-12.75","-3.85","6.55","-0.01","-3.88","6.57","-0.01","3","3","1","0"
"6719","0.4318","0.7769","0.4583","0.0000","0.00","-0.06","-0.06","0.02","-0.02","0.02","38.19","-23.87","-12.75","-3.86","6.55","-6.10","-3.88","6.57","-6.15","3","3","1","0"
"6736","0.4318","0.7769","0.4583","0.0000","-0.06","0.12","0.06","0.02","-0.01","-0.01","38.19","-0.06","-0.06","-3.86","6.55","-6.11","-3.88","6.57","-6.15","3","3","1","0"
"6756","0.4318","0.7769","0.4583","0.0000","0.00","0.06","-0.06","0.00","-0.01","-0.01","38.19","-0.06","-0.06","-3.87","6.56","-0.01","-3.88","6.57","-6.15","3","3","1","0"
"6774","0.4318","0.7769","0.4583","0.0000","-0.06","-0.12","-0.06","0.03","-0.03","0.01","38.88","-0.06","-0.06","-1.28","-0.01","-0.01","-3.88","6.57","-0.01","3","3","1","0"
"6792","0.4318","-0.0001","-0.0001","-0.0001","0.00","0.06","0.00","0.02","-0.03","0.01","38.88","-23.87","-12.75","-3.85","6.54","-6.13","-3.88","6.57","-0.01","3","3","1","0"
"6809","0.4318","-0.0001","-0.0001","-0.0001","0.19","0.00","0.06","0.01","-0.02","0.04","38.88","-23.87","-12.75","-3.86","6.54","-6.10","-3.88","6.57","-6.15","3","3","1","0"
"6828","0.4318","0.7769","0.4583","0.0000","0.12","-0.06","-0.06","0.01","-0.01","-0.01","39.25","-0.06","-0.06","-3.85","6.54","-6.12","-3.88","6.57","-6.15","3","3","1","0"
"6845","0.4318","0.7769","0.4583","0.0000","-0.19","0.31","0.06","0.01","-0.01","-0.01","39.25","-0.06","-0.06","-3.86","6.54","-0.01","-3.88","6.57","-6.15","3","3","1","0"
"6864","0.4318","0.7769","0.4583","0.0000","0.00","-0.12","0.06","0.01","-0.01","0.03","39.25","-23.56","-13.25","-3.86","6.55","-6.11","-3.88","6.57","-6.15","3","3","1","0"
"6881","0.4318","-0.0001","-0.0001","-0.0001","0.25","-0.19","0.06","0.02","-0.01","0.02","38.88","-24.25","-12.75","-3.85","6.56","-6.12","-3.88","6.57","-0.01","3","3","1","0"
"6899","0.4318","-0.0001","-0.0001","-0.0001","0.12","-0.06","-0.06","0.02","-0.01","-0.01","38.88","-24.25","-12.75","-3.86","6.58","-6.15","-3.88","6.57","-6.15","3","3","1","0"
"6917","0.4318","0.7769","0.4583","0.0000","-0.19","0.06","0.12","0.02","-0.01","0.01","38.88","-24.25","-12.75","-3.85","6.55","-0.01","-3.88","6.57","-6.15","3","3","1","0"
"6934","0.4318","0.7769","0.4583","0.0000","-0.06","-0.12","-0.06","0.00","-0.01","0.06","38.19","-0.06","-0.06","-3.87","6.56","-0.01","-3.88","6.57","-0.01","3","3","1","0"
"6952","0.4318","-0.0001","-0.0001","-0.0001","0.19","-0.31","0.00","0.00","-0.01","0.02","38.19","-23.87","-13.25","-3.87","6.56","-0.01","-3.88","6.57","-0.01","3","3","1","0"
"6970","0.4318","0.7769","0.4583","0.0000","0.00","-0.06","-0.06","0.03","0.00","0.04","38.56","-24.25","-13.56","-3.84","6.55","-6.10","-3.88","6.57","-6.15","3","3","1","0"
"6987","0.4318","0.7769","0.4583","0.0000","-0.06","0.31","0.00","0.02","-0.01","-0.01","38.56","-24.25","-13.56","-3.88","6.56","-6.16","-3.88","6.57","-6.15","3","3","1","0"
"7006","0.4318","0.7769","0.4583","0.0000","-0.06","0.12","0.00","0.00","-0.01","-0.01","38.56","-24.25","-13.56","-3.87","6.54","-0.01","-3.88","6.57","-6.15","3","3","1","0"
"7024","0.4318","0.7769","0.4583","0.0000","0.06","-0.19","0.06","0.02","0.00","0.01","38.88","-24.25","-11.56","-3.85","6.57","-0.01","-3.88","6.57","-0.01","3","3","1","0"
"7043","0.4318","-0.0001","-0.0001","-0.0001","-0.19","0.19","0.06","0.04","0.00","0.00","38.88","-24.25","-11.56","-3.83","6.58","-6.14","-3.88","6.57","-0.01","3","3","1","0"
"7060","0.4318","-0.0001","-0.0001","-0.0001","-0.06","0.12","0.06","0.01","-0.03","0.03","38.88","-24.25","-11.56","-3.86","6.54","-6.11","-3.88","6.57","-6.15","3","3","1","0"
"7078","0.4318","-0.0001","-0.0001","-0.0001","0.00","-0.06","-0.06","0.00","-0.01","-0.01","38.88","-24.25","-12.38","-3.85","6.56","-6.14","-3.88","6.57","-6.15","3","3","1","0"
"7097","0.4318","0.7769","0.4583","0.0000","0.00","0.06","0.06","0.01","-0.01","-0.01","38.88","-24.25","-12.38","-3.86","6.56","-0.01","-3.88","6.57","-6.15","3","3","1","0"
"7115","0.4318","0.7769","0.4583","0.0000","-0.12","0.25","-0.12","0.00","-0.02","0.00","38.88","-24.25","-12.38","-3.87","6.55","-6.14","-3.88","6.57","-6.15","3","3","1","0"
"7132","0.4318","-0.0001","-0.0001","-0.0001","0.00","-0.06","0.00","0.00","-0.02","0.03","38.88","-25.06","-12.00","-3.88","6.54","-6.11","-3.88","6.57","-0.01","3","3","1","0"
"7150","0.4318","-0.0001","-0.0001","-0.0001","0.00","0.06","-0.06","0.00","-0.01","-0.01","38.88","-25.06","-12.00","-3.86","6.55","-6.13","-3.88","6.57","-6.15","3","3","1","0"
"7168","0.4318","0.7769","0.4583","0.0000","-0.12","0.12","0.19","0.00","-0.02","0.03","38.88","-25.06","-12.00","-3.87","6.54","-0.01","-3.88","6.57","-6.15","3","3","1","0"
"7185","0.4318","0.7769","0.4583","0.0000","-0.06","0.19","-0.19","0.01","-0.01","0.01","38.88","-0.06","-0.06","-3.86","6.55","-0.01","-3.88","6.57","-0.01","3","3","1","0"
"7203","0.4318","-0.0001","-0.0001","-0.0001","0.06","-0.19","-0.06","0.00","-0.02","0.00","38.88","-23.56","-13.56","-3.87","6.54","-0.01","-3.88","6.57","-0.01","3","3","1","0"
"7222","0.4318","-0.0001","-0.0001","-0.0001","-0.06","-0.19","-0.12","0.01","-0.02","0.00","37.75","-24.25","-12.00","-3.86","6.54","-6.14","-3.88","6.57","-6.15","3","3","1","0"
"7239","0.4318","-0.0001","-0.0001","-0.0001","-0.06","0.12","-0.06","0.01","-0.01","-0.01","37.75","-24.25","-12.00","-3.86","6.54","-6.15","-3.88","6.57","-6.15","3","3","1","0"
"7257","0.4318","0.7769","0.4583","0.0000","-0.12","0.00","-0.06","0.01","-0.01","-0.01","37.75","-24.25","-12.00","-3.86","6.55","-6.11","-3.88","6.57","-6.15","3","3","1","0"
"7276","0.4318","0.7769","0.4583","0.0000","-0.06","-0.37","0.00","0.02","0.00","-0.02","38.88","-24.25","-12.75","-3.85","6.57","-0.01","-3.88","6.57","-0.01","3","3","1","0"
"7296","0.4318","0.7769","0.4583","0.0000","0.06","0.06","-0.06","0.01","-0.01","0.00","38.88","-24.25","-12.75","-3.86","6.56","-0.01","-3.88","6.57","-0.01","3","3","1","0"
"7313","0.4318","-0.0001","-0.0001","-0.0001","-0.19","0.00","0.12","0.03","-0.02","0.03","38.88","-24.25","-12.75","-3.85","6.55","-6.11","-3.88","6.57","-6.15","3","3","1","0"
"7329","0.4318","-0.0001","-0.0001","-0.0001","-0.06","-0.12","0.25","0.02","0.00","0.03","38.19","-23.87","-13.56","-3.86","6.54","-6.12","-3.88","6.57","-6.15","3","3","1","0"
"7348","0.4318","0.7769","0.4583","0.0000","-0.06","0.06","-0.06","0.01","-0.01","-0.01","38.19","-0.06","-0.06","-3.85","6.56","-6.11","-3.88","6.57","-6.15","3","3","1","0"
"7366","0.4318","0.7769","0.4583","0.0000","0.06","0.06","0.06","0.01","-0.03","0.05","38.19","-23.87","-13.56","-3.86","6.54","-6.09","-3.88","6.57","-0.01","3","3","1","0"
"7383","0.4318","-0.0001","-0.0001","-0.0001","-0.06","0.00","0.06","0.01","-0.03","0.04","38.19","-23.87","-12.00","-3.86","6.54","-6.10","-3.88","6.57","-0.01","3","3","1","0"
"7401","0.4318","-0.0001","-0.0001","-0.0001","-0.12","0.12","-0.06","0.01","0.00","0.00","38.19","-23.87","-12.00","-3.86","6.54","-6.14","-3.88","6.57","-6.15","3","3","1","0"
"7418","0.4318","0.7769","0.4583","0.0000","-0.12","0.00","-0.12","0.01","-0.01","0.03","38.19","-0.06","-0.06","-3.86","6.56","-0.01","-3.88","6.57","-6.15","3","3","1","0"
"7436","0.4318","0.7769","0.4583","0.0000","0.06","0.12","-0.06","0.00","-0.03","0.08","38.56","-0.06","-0.06","-3.88","6.54","-0.01","-3.88","6.57","-0.01","3","3","1","0"
"7454","0.4318","-0.0001","-0.0001","-0.0001","0.12","-0.06","0.00","0.00","-0.03","0.04","38.56","-23.87","-13.25","-3.87","6.54","-0.01","-3.88","6.57","-0.01","3","3","1","0"
"7472","0.4318","0.7769","0.4583","0.0000","0.12","-0.06","-0.06","0.01","-0.01","0.00","38.56","-24.25","-10.75","-3.85","6.54","-6.13","-3.88","6.57","-6.15","3","3","1","0"
"7489","0.4318","0.7769","0.4583","0.0000","0.00","0.19","0.00","0.00","0.00","0.01","38.56","-24.25","-10.75","-3.85","6.55","-6.16","-3.88","6.57","-6.15","3","3","1","0"
"7507","0.4318","0.7769","0.4583","0.0000","0.06","0.19","0.00","0.01","-0.01","-0.01","38.56","-24.25","-10.75","-3.86","6.55","-0.01","-3.88","6.57","-6.15","3","3","1","0"
"7526","0.4318","0.7769","0.4583","0.0000","0.00","-0.12","0.06","0.00","-0.01","0.06","38.56","-23.87","-12.00","-3.87","6.56","-0.01","-3.88","6.57","-0.01","3","3","1","0"
"7544","0.4318","-0.0001","-0.0001","-0.0001","0.00","-0.25","0.00","0.00","-0.01","0.03","38.56","-23.87","-12.00","-3.87","6.56","-0.01","-3.88","6.57","-0.01","3","3","1","0"
"7563","0.4318","-0.0001","-0.0001","-0.0001","0.00","-0.06","-0.06","0.02","-0.01","0.01","38.56","-23.87","-12.00","-3.85","6.56","-6.13","-3.88","6.57","-6.15","3","3","1","0"
"7580","0.4318","-0.0001","-0.0001","-0.0001","-0.06","0.12","0.12","-0.01","-0.04","0.02","38.56","-24.69","-13.25","-3.86","6.54","-6.13","-3.88","6.57","-6.15","3","3","1","0"
"7599","0.4318","0.7769","0.4583","0.0000","-0.06","0.12","-0.06","0.00","-0.01","-0.01","38.56","-24.69","-13.25","-3.86","6.53","-6.10","-3.88","6.57","-6.15","3","3","1","0"
"7617","0.4318","0.7769","0.4583","0.0000","0.00","-0.19","0.06","0.01","-0.02","0.05","38.56","-24.69","-13.25","-3.86","6.55","-0.01","-3.88","6.57","-0.01","3","3","1","0"
"7634","0.4318","-0.0001","-0.0001","-0.0001","0.06","-0.12","0.00","0.01","0.00","0.03","38.56","-24.25","-14.00","-3.86","6.57","-6.11","-3.88","6.57","-0.01","3","3","1","0"
"7652","0.4318","-0.0001","-0.0001","-0.0001","-0.06","0.12","-0.06","0.00","-0.01","0.02","38.56","-24.25","-14.00","-3.88","6.55","-6.12","-3.88","6.57","-6.15","3","3","1","0"
"7669","0.4318","0.7769","0.4583","0.0000","0.06","0.06","0.00","0.01","0.01","0.02","38.56","-24.25","-14.00","-3.86","6.59","-0.01","-3.88","6.57","-6.15","3","3","1","0"
"7687","0.4318","0.7769","0.4583","0.0000","0.12","-0.56","0.06","0.01","-0.04","0.04","38.88","-24.25","-12.75","-3.86","6.53","-0.01","-3.88","6.57","-0.01","3","3","1","0"
"7706","0.4318","0.7769","0.4583","0.0000","0.00","-0.06","0.00","0.03","-0.02","0.04","38.88","-24.25","-12.75","-1.28","-0.01","-0.01","-3.88","6.57","-0.01","3","3","1","0"
"7724","0.4318","-0.0001","-0.0001","-0.0001","-0.06","-0.06","0.06","0.02","-0.02","0.02","38.88","-25.37","-13.25","-3.85","6.54","-6.12","-3.88","6.57","-6.15","3","3","1","0"
"7740","0.4318","-0.0001","-0.0001","-0.0001","0.06","0.00","0.12","0.01","-0.01","-0.01","38.88","-25.37","-13.25","-3.86","6.55","-6.16","-3.88","6.57","-6.15","3","3","1","0"
"7758","0.4318","0.7769","0.4583","0.0000","0.06","-0.06","-0.06","0.01","0.00","0.04","38.88","-25.37","-13.25","-3.86","6.57","-6.10","-3.88","6.57","-6.15","3","3","1","0"
"7778","0.4318","0.7769","0.4583","0.0000","0.12","0.00","-0.25","0.01","-0.01","-0.01","38.56","-0.06","-0.06","-3.86","6.55","-0.01","-3.88","6.57","-0.01","3","3","1","0"
"7796","0.4318","0.7769","0.4583","0.0000","0.00","-0.06","0.19","0.03","-0.02","0.00","38.56","-23.56","-11.56","-3.85","6.55","-0.01","-3.88","6.57","-0.01","3","3","1","0"
"7815","0.4318","-0.0001","-0.0001","-0.0001","-0.06","0.12","-0.12","0.01","-0.01","0.06","38.56","-23.56","-11.56","-3.86","6.56","-6.08","-3.88","6.57","-6.15","3","3","1","0"
"7831","0.4318","-0.0001","-0.0001","-0.0001","0.00","-0.06","-0.06","0.00","-0.01","-0.01","38.56","-23.56","-13.56","-3.85","6.55","-6.11","-3.88","6.57","-6.15","3","3","1","0"
"7848","0.4318","0.7769","0.4583","0.0000","0.12","-0.06","-0.06","0.04","-0.01","-0.01","38.56","-0.06","-0.06","-1.28","-0.01","-0.01","-3.88","6.57","-6.15","3","3","1","0"
"7867","0.4318","0.7769","0.4583","0.0000","-0.06","0.12","0.00","0.04","0.00","0.00","38.56","-23.56","-13.56","-3.84","6.57","-6.14","-3.88","6.57","-6.15","3","3","1","0"
"7883","0.4318","-0.0001","-0.0001","-0.0001","-0.06","0.06","0.06","0.01","-0.01","0.04","39.25","-24.25","-13.56","-3.86","6.55","-6.10","-3.88","6.57","-0.01","3","3","1","0"
"7902","0.4318","-0.0001","-0.0001","-0.0001","0.00","-0.06","-0.06","0.02","-0.01","-0.01","39.25","-24.25","-13.56","-3.85","6.55","-6.15","-3.88","6.57","-6.15","3","3","1","0"
"7919","0.4318","0.7769","0.4583","0.0000","-0.06","0.00","-0.06","0.03","-0.01","0.00","39.25","-24.25","-13.56","-3.85","6.55","-0.01","-3.88","6.57","-6.15","3","3","1","0"
"7937","0.4318","0.7769","0.4583","0.0000","0.00","-0.19","0.00","0.00","-0.02","0.02","38.88","-24.69","-12.75","-3.87","6.55","-0.01","-3.88","6.57","-0.01","3","3","1","0"
"7955","0.4318","-0.0001","-0.0001","-0.0001","0.00","-0.19","0.12","0.02","-0.01","0.01","38.88","-24.69","-12.75","-3.85","6.56","-6.13","-3.88","6.57","-0.01","3","3","1","0"
"7972","0.4318","0.7769","0.4583","0.0000","-0.06","-0.06","-0.12","0.01","-0.01","-0.01","38.88","-24.25","-12.38","-3.87","6.55","-6.14","-3.88","6.57","-6.15","3","3","1","0"
"7990","0.4318","0.7769","0.4583","0.0000","0.06","0.06","0.12","0.01","-0.01","-0.01","38.88","-24.25","-12.38","-3.86","6.55","-6.12","-3.88","6.57","-6.15","3","3","1","0"
"8008","0.4318","0.7769","0.4583","0.0000","0.06","0.06","-0.12","0.01","-0.03","0.04","38.88","-24.25","-12.38","-3.86","6.54","-0.01","-3.88","6.57","-6.15","3","3","1","0"
"8028","0.4318","0.7769","0.4583","0.0000","-0.06","0.00","0.00","0.03","-0.03","0.03","38.56","-23.87","-12.38","-3.85","6.54","-0.01","-3.88","6.57","-0.01","3","3","1","0"
"8046","0.4318","-0.0001","-0.0001","-0.0001","-0.12","0.12","-0.06","0.00","-0.03","0.01","38.56","-23.87","-12.38","-3.88","6.54","-0.01","-3.88","6.57","-0.01","3","3","1","0"
"8064","0.4318","-0.0001","-0.0001","-0.0001","0.00","0.25","0.00","0.02","0.00","0.02","38.56","-23.87","-12.38","-3.85","6.57","-6.12","-3.88","6.57","-6.15","3","3","1","0"
"8081","0.4318","-0.0001","-0.0001","-0.0001","0.19","-0.06","-0.06","0.01","-0.01","-0.01","38.19","-23.87","-13.25","-3.87","6.54","-6.10","-3.88","6.57","-6.15","3","3","1","0"
"8099","0.4318","0.7769","0.4583","0.0000","0.00","0.12","0.00","0.01","-0.01","-0.01","38.19","-0.06","-0.06","-3.86","6.55","-0.01","-3.88","6.57","-6.15","3","3","1","0"
"8118","0.4318","0.7769","0.4583","0.0000","-0.12","0.00","0.25","0.02","-0.01","0.04","38.19","-23.87","-13.25","-3.85","6.55","-6.10","-3.88","6.57","-6.15","3","3","1","0"
"8134","0.4318","-0.0001","-0.0001","-0.0001","0.06","0.19","-0.06","0.01","-0.02","0.01","38.56","-23.87","-13.25","-3.86","6.55","-6.13","-3.88","6.57","-0.01","3","3","1","0"
"8152","0.4318","-0.0001","-0.0001","-0.0001","0.12","-0.06","-0.06","0.01","-0.01","-0.01","38.56","-23.87","-13.25","-3.85","6.54","-6.15","-3.88","6.57","-6.15","3","3","1","0"
"8170","0.4318","0.7769","0.4583","0.0000","0.00","0.06","-0.19","0.02","-0.02","0.01","38.56","-23.87","-13.25","-3.85","6.54","-0.01","-3.88","6.57","-0.01","3","3","1","0"
"8187","0.4318","0.7769","0.4583","0.0000","0.00","0.25","-0.06","0.00","0.00","0.03","38.88","-23.87","-12.75","-3.87","6.57","-0.01","-3.88","6.57","-0.01","3","3","1","0"
"8206","0.4318","-0.0001","-0.0001","-0.0001","0.06","0.19","0.06","0.01","-0.05","0.00","38.88","-23.87","-12.75","-3.86","6.52","-6.14","-3.88","6.57","-0.01","3","3","1","0"
"8223","0.4318","0.7769","0.4583","0.0000","0.00","0.06","0.00","0.01","-0.01","-0.01","38.56","-24.25","-13.56","-3.87","6.55","-6.11","-3.88","6.57","-6.15","3","3","1","0"
"8241","0.4318","0.7769","0.4583","0.0000","0.06","-0.06","-0.06","0.00","-0.01","-0.01","38.56","-24.25","-13.56","-3.86","6.57","-6.11","-3.88","6.57","-6.15","3","3","1","0"
"8259","0.4318","0.7769","0.4583","0.0000","0.00","0.00","-0.06","0.00","-0.01","-0.01","38.56","-24.25","-13.56","-3.87","6.54","-0.01","-3.88","6.57","-6.15","3","3","1","0"
"8279","0.4318","0.7769","0.4583","0.0000","0.00","0.12","0.19","0.01","0.00","0.04","38.56","-24.25","-13.56","-3.86","6.58","-0.01","-3.88","6.57","-0.01","3","3","1","0"
"8297","0.4318","0.7769","0.4583","0.0000","0.06","0.00","0.06","0.01","-0.01","0.02","38.56","-24.25","-13.56","-3.86","6.56","-0.01","-3.88","6.57","-0.01","3","3","1","0"
"8315","0.4318","-0.0001","-0.0001","-0.0001","0.12","-0.06","-0.12","0.00","-0.01","0.01","38.56","-24.25","-13.56","-3.87","6.56","-6.13","-3.88","6.57","-6.15","3","3","1","0"
"8333","0.4318","-0.0001","-0.0001","-0.0001","0.06","-0.06","-0.06","0.03","-0.01","-0.01","38.56","-23.87","-13.56","-3.88","6.54","-6.11","-3.88","6.57","-6.15","3","3","1","0"
"8350","0.4318","0.7769","0.4583","0.0000","-0.06","-0.06","0.06","0.03","-0.01","-0.01","38.56","-0.06","-0.06","-3.85","6.55","-0.01","-3.88","6.57","-6.15","3","3","1","0"
"8369","0.4318","0.7769","0.4583","0.0000","-0.06","0.19","0.00","0.00","-0.01","0.02","38.56","-23.87","-13.56","-3.87","6.56","-0.01","-3.88","6.57","-6.15","3","3","1","0"
"8385","0.4318","-0.0001","-0.0001","-0.0001","0.00","0.06","-0.12","0.03","-0.02","0.03","38.56","-24.25","-13.25","-3.84","6.55","-6.11","-3.88","6.57","-0.01","3","3","1","0"
"8402","0.4318","-0.0001","-0.0001","-0.0001","0.19","-0.06","-0.06","0.01","-0.01","-0.01","38.56","-24.25","-13.25","-3.87","6.55","-6.11","-3.88","6.57","-6.15","3","3","1","0"
"8421","0.4318","0.7769","0.4583","0.0000","0.06","0.06","-0.06","0.03","-0.02","0.02","38.56","-24.25","-13.25","-3.85","6.55","-0.01","-3.88","6.57","-6.15","3","3","1","0"
"8438","0.4318","0.7769","0.4583","0.0000","0.00","-0.06","0.06","0.02","-0.01","0.00","38.88","-23.56","-13.25","-3.85","6.55","-0.01","-3.88","6.57","-0.01","3","3","1","0"
"8457","0.4318","-0.0001","-0.0001","-0.0001","0.19","0.06","-0.06","0.00","-0.02","0.02","38.88","-23.56","-13.25","-3.87","6.54","-6.12","-3.88","6.57","-0.01","3","3","1","0"
"8474","0.4318","0.7769","0.4583","0.0000","-0.06","0.06","-0.06","0.02","-0.01","-0.01","38.88","-23.56","-13.56","-3.85","6.55","-6.11","-3.88","6.57","-6.15","3","3","1","0"
"8491","0.4318","0.7769","0.4583","0.0000","-0.12","0.12","-0.06","0.00","-0.01","-0.01","38.88","-0.06","-0.06","-3.87","6.56","-0.01","-3.88","6.57","-6.15","3","3","1","0"
"8509","0.4318","0.7769","0.4583","0.0000","0.06","0.00","-0.12","0.02","-0.01","0.03","38.88","-0.06","-0.06","-3.85","6.56","-0.01","-3.88","6.57","-0.01","3","3","1","0"
"8527","0.4318","-0.0001","-0.0001","-0.0001","-0.06","0.00","-0.06","0.01","-0.01","0.03","38.19","-24.25","-12.38","-3.86","6.56","-6.11","-3.88","6.57","-0.01","3","3","1","0"
"8545","0.4318","-0.0001","-0.0001","-0.0001","0.00","0.06","0.06","0.00","-0.02","0.01","38.19","-24.25","-12.38","-3.87","6.55","-6.13","-3.88","6.57","-1.03","3","3","1","0"
"8562","0.4318","-0.0001","-0.0001","-0.0001","0.00","-0.06","-0.06","0.00","0.00","0.02","38.19","-24.25","-12.38","-3.85","6.56","-6.09","-3.88","6.57","-6.15","3","3","1","0"
"8581","0.4318","0.7769","0.4583","0.0000","0.06","0.00","-0.06","0.01","-0.01","-0.01","39.69","-0.06","-0.06","-3.86","6.55","-6.11","-3.88","6.57","-6.15","3","3","1","0"
"8599","0.4318","0.7769","0.4583","0.0000","-0.06","0.00","0.12","0.00","-0.01","0.01","39.69","-0.06","-0.06","-3.87","6.56","-0.01","-3.88","6.57","-0.01","3","3","1","0"
"8617","0.4318","0.7769","0.4583","0.0000","0.00","0.19","0.00","0.00","-0.01","0.02","39.69","-23.87","-12.75","-3.87","6.56","-6.12","-3.88","6.57","-6.15","3","3","1","0"
"8635","0.4318","-0.0001","-0.0001","-0.0001","-0.06","0.19","-0.06","0.01","0.00","0.01","39.25","-23.56","-12.75","-3.86","6.58","-6.13","-3.88","6.57","-6.15","3","3","1","0"
"8652","0.4318","-0.0001","-0.0001","-0.0001","0.06","0.06","-0.06","0.00","0.00","0.03","39.25","-0.06","-0.06","-3.86","6.54","-6.13","-3.88","6.57","-6.15","3","3","1","0"
